sharknado,shark,tornado,other
novembeard,november,beard,other
keytar,keyboard,guitar,knight
boytastrophe,boy,catastrophe,other
parsec,parallax,second,other
hubot,human,robot,other
workaholic,work,alcoholic,knight
hiberdating,hibernation,dating,other
intellidating,intelligent,dating,other
irritainment,irritation,entertainment,other
divatude,diva,attitude,other
apatheist,apathy,theist,other
thesbian,thespian,lesbian,other
earmarxist,earmark,marxist,other
fibliography,fiction,bibliography,other
murse,male,nurse,other
kollywood,kodambakkam,hollywood,knight
nanotech,nano,technology,other
skevanston,skokie,evanston,knight
paddict,pad,addict,other
distractard,distract,retard,other
shankopotomas,shank,hippopotomas,other
pluot,plum,apricot,other
feminicide,feminine,homicide,other
econometric,economics,metric,other
voxel,volumetric,pixel,other
classhole,class,asshole,other
jitterati,jitter,literati,other
microllege,micro,college,other
hathos,hate,pathos,other
thangry,thirsty,hungry,other
yugopotamia,yugoslavia,mesopotamia,knight
aerosoul,aerosol,soul,other
manicorn,man,unicorn,other
advertainment,advertisement,entertainment,other
mockney,mock,cockney,knight
adorapresh,adorable,precious,other
russlish,russian,english,other
perzine,personal,zine,other
sexplosion,sex,explosion,knight
hasbian,hasbeen,lesbian,other
irregardless,irrespective,regardless,knight
goaltimate,goal,ultimate,other
alcoholiday,alcohol,holiday,other
romomentum,romo,momentum,other
smelloscope,smelly,tellyscope,other
mexicali,mexico,california,other
intertwingle,intertwine,intermingle,knight
presenteeism,present,absenteeism,other
webinar,world_wide_web,seminar,knight
codec,coder,decoder,other
promposal,prom,proposal,other
alternawhore,alternative,whore,other
chiberia,chicago,siberia,other
spork,spoon,fork,knight
obamanomics,obama,economics,other
foreploy,foreplay,ploy,other
chocotaco,chocolate,taco,other
foon,fork,spoon,knight
blog,web,log,other
scrumlicious,scrumptious,delicious,other
pronasty,professional,nasty,other
transfarency,transparency,fare,other
evacucation,evacuation,vacation,other
chunnel,channel,tunnel,knight
schnoodle,schnauzer,poodle,knight
advertainment,advertising,entertainment,knight
muttation,mutt,mutation,other
sarchasm,sarcasm,chasm,other
fauxllet,faux,mullet,other
weejun,norwegian,injun,other
smilence,smile,silence,other
blackup,black,backup,knight
factivist,fact,activist,other
bacne,back,acne,other
blogilates,blog,pilates,other
hinglish,hindi,english,knight
automagical,automatic,magical,knight
clapathy,clap,apathy,other
finacle,financial,pinnacle,other
photobiography,photograph,biography,other
blaxploitation,blacks,exploitation,other
crisitunity,crisis,opportunity,knight
assmosis,ass,osmosis,other
abansion,abandoned,mansion,other
netiquette,net,etiquette,knight
intel,integrated,electronics,other
guyliner,guy,eyeliner,knight
glitterati,glitter,literati,other
mocktail,mock,cocktail,knight
strunk,stoned,drunk,knight
transceiver,transmitter,receiver,knight
webinar,web,seminar,other
slantendicular,slant,perpendicular,other
presstitute,press,prostitute,other
cupidity,cupid,stupidity,other
slambulance,slam,ambulance,other
japlish,japanese,english,knight
subtweet,subliminal,tweet,other
docudrama,documentary,drama,other
peasantvision,peasant,television,other
desilu,desi,lucille,other
bohunk,bohemian,hungarian,other
suspowledge,suspicion,knowledge,other
slurve,slider,curve,knight
spanglish,spanish,english,knight
jython,java,python,knight
admirampathy,admiration,empathy,other
fruitomic,fruit,atomic,other
republicrat,republican,democrat,other
scoopula,scoop,spatula,other
latergram,later,instagram,other
raggazine,rag,magazine,other
screenager,screen,teenager,knight
epigenetics,epigenesis,genetics,other
hellway,hellish,hallway,other
tardass,retard,dumbass,other
bragplaining,brag,explaining,other
jorts,jeans,shorts,knight
killuminati,kill,illuminati,other
breturn,britain,return,other
statite,static,satellite,other
webciety,web,society,other
tofurkey,tofu,turkey,knight
converstroyer,conversation,destroyer,other
afrocracy,african,democracy,other
brocelet,brother,bracelet,other
automobilia,automobile,memorabilia,knight
maltipoo,maltese,poodle,other
spamtard,spam,retard,other
annoyicon,annoying,icon,other
brony,brother,pony,other
anacronym,anachronism,acronym,knight
factoid,fact,haemorrhoid,other
brogrammer,bro,programmer,knight
fagag,fag,gag,other
chinglish,chinese,english,knight
wuss,wimp,pussy,other
oxbridge,oxford,cambridge,other
czenglish,czech,english,knight
creamsicle,cream,popsicle,other
machinima,machine,cinema,other
shockumentary,documentary,shock,other
frappuccino,frapp,cappuccino,other
snozzle,snuggle,nuzzle,other
florala,florida,alabama,knight
bellice,bella,alice,other
backstitution,back,substitution,other
urinalysis,urine,analysis,knight
fictionary,fiction,dictionary,other
shareware,share,software,other
netizen,internet,citizen,other
naco,nacho,taco,knight
accountabilibuddy,accountability,buddy,other
multiverse,multiple,universe,other
familiated,family,humiliated,other
glocal,global,local,other
bachmeyes,bachman,eyes,other
sharted,shit,farted,other
bassackwards,backwards,ass,other
fauxpology,faux,apology,other
mechatronics,mechanics,electronics,other
requestion,request,question,other
abstakiss,abstain,kiss,other
pixelante,pixel,vigilante,other
rockumentary,rock,documentary,knight
pensieve,pensive,sieve,other
internest,internet,nest,other
burninate,burn,terminate,other
londonistan,london,pakistan,other
robsten,robert,kristen,other
anticipointment,anticipation,disappointment,other
dilemmachine,dilemma,machine,knight
froogle,frugal,google,knight
dancersize,dance,circumsize,other
machinema,machine,cinema,knight
weasleycest,weasley,incest,other
webcast,web,broadcast,knight
netiquette,internet,etiquette,other
liboobrian,librarian,boob,other
alcoholimia,alcohol,bulimia,other
frankenfood,frankenstein,food,other
earwitness,ear,eyewitness,other
digipeater,digital,repeater,knight
squitten,squirrel,kitten,other
pirattitude,pirate,attitude,other
docufiction,documentary,fiction,other
mupload,mobile,upload,other
fugly,fuck,ugly,knight
delran,delaware,rancocas,other
carefronting,care,confronting,other
lupper,lunch,supper,knight
danimals,dannon,animals,knight
pinterest,pin,interest,knight
smaze,smoke,maze,other
dramastic,dramatic,drastic,knight
positron,positive,electron,other
slanguistics,slang,linguistics,other
animatrix,animated,matrix,knight
botox,botulism,toxin,other
folksonomy,folks,taxonomy,other
streetball,street,basketball,knight
altright,alternative,right,other
talkartoon,talk,cartoon,other
manglish,malaysian,english,knight
mobitone,mobile,tone,other
soundscape,sound,landscape,knight
newtmentum,newt,momentum,other
finimany,finitely,many,other
confusopoly,confusion,monopoly,other
listicle,list,article,other
himsomnia,him,insomnia,other
threepeat,three,repeat,knight
globish,global,english,other
tangry,tired,angry,other
multimodal,multiple,modal,other
miscreantics,miscreant,antics,other
punny,pun,funny,other
ninjelephant,ninja,elephant,knight
anecdoubt,anecdote,doubt,other
dohment,dawn,moment,other
eracist,erase,racist,other
addxiety,add,anxiety,other
serdes,serialize,deserialize,other
edexcel,educational,excel,knight
wavicle,wave,particle,other
prequel,pre,sequel,knight
advict,advil,addict,other
murderotica,murder,erotica,knight
cheappuccino,cheap,cappucciono,other
chrismukkah,christmas,hanukkah,knight
advertorial,advertising,editorial,knight
bordinary,bored,ordinary,other
nicorette,nicotine,cigarette,knight
formasual,formal,casual,other
bridezilla,bride,godzilla,other
worderful,word,wonderful,other
garriage,gay,marriage,knight
edexcel,educational,excellence,other
medijuana,medical,marijuana,other
capcom,capsule,communicator,other
sexting,sex,texting,knight
transponder,transmitter,responder,knight
meld,melt,weld,knight
balloonicle,balloon,vehicle,other
sparrabeth,sparrow,elizabeth,other
rurban,rural,urban,other
tenderoni,tender,macaroni,other
buttmunch,butt,munch,other
birthmas,birthday,christmas,other
rendezbooze,rendezvous,booze,other
snowmageddon,snow,armageddon,other
animutation,animation,mutation,knight
lebronnabe,lebron,wannabe,other
squintern,squint,intern,other
owlmaha,owl,omaha,other
jcrewpon,jcrew,coupon,knight
billex,bill,alex,knight
wintel,windows,intel,knight
boost,boom,hoist,other
destinesia,destiny,amnesia,other
commuticate,commute,comminicate,other
runasty,run,nasty,other
manssiere,man,brassier,other
bicurious,bisexual,curious,other
indialantic,indian,atlantic,other
mozilla,mosaic,godzilla,knight
spoopy,spooky,boop,other
staycation,stay,vacation,knight
narcoterrorism,narcotics,terrorism,knight
cliterati,clitoris,literati,other
cryptex,cryptology,codex,knight
squiggle,squirm,wiggle,knight
fridget,fridge,widget,other
gainsay,against,say,other
wikidemia,wiki,academia,other
masstige,mass,prestige,knight
guesstimate,guess,estimate,knight
celescalating,celestial,escalating,other
lesbro,lesbian,bro,other
vietnamasian,vietnamese,asian,knight
frowculation,frown,calculation,other
yogalates,yoga,pilates,knight
newscast,news,broadcast,other
fandom,fanatic,kingdom,other
prodiction,pro,prediction,other
cheesus,cheese,jesus,other
beerboarding,beer,waterboarding,other
oreolization,oreo,realization,other
darkane,dark,arcane,knight
citibank,city,bank,other
swisslish,swiss,english,other
quebexican,quebecois,mexican,knight
fedex,federal,express,other
shlam,slam,ham,other
hipsturbia,hipster,suburbia,knight
wikiality,wiki,reality,knight
kapoop,kaput,poop,other
pukestravaganza,puke,extravaganza,other
vegevangelical,vegan,evangelical,other
microwait,microwave,wait,other
latination,latin,nation,other
lacrosstitute,lacrosse,prostitute,other
prangry,pregnant,angry,knight
tindisaster,tinder,disaster,other
scanchy,scandalous,raunchy,other
kittenality,kitten,personality,other
fasian,fake,asian,other
hasbian,has_been,lesbian,knight
orgasmatron,orgasm,tron,other
elviscerate,elvis,eviscerate,other
administrivia,administration,trivia,other
yosicle,yogurt,popsicle,other
grindlelore,grindelwald,dumbledore,other
palimony,partner,alimony,other
ubertastic,uber,fantastic,other
snowpocalypse,snow,apocalypse,other
nounjective,noun,adjective,other
yellular,yell,cellular,other
infotainment,information,entertainment,other
debargue,debate,argument,other
finsta,fake,insta,other
jazzerina,jazz,ballerina,other
corpsicle,corpse,popsicle,other
anarchitecture,anarchy,architecture,other
blurst,best,worst,other
moblog,mobile,weblog,other
narcissistick,narcissist,stick,other
swapportunity,swap,opportunity,knight
warfarin,warf,coumarin,other
protoflight,prototype,flight,other
dohment,doh,moment,other
beardo,beard,weirdo,other
breastimate,breast,estimate,other
cramerica,jim_cramer,america,knight
seascape,sea,landscape,other
cotai,coloane,taipa,other
simulcast,simultaneous,broadcast,other
onlineness,online,loneliness,other
infographic,information,graphic,other
spamdex,sound,index,other
pomato,potato,tomato,other
blobject,blob,object,other
lawlrus,lawl,walrus,other
midnitini,midnight,martini,other
avgas,aviation,gasoline,other
kormak,korpela,maki,other
calgon,calcium,gone,other
manbag,man,handbag,knight
carbage,car,garbage,other
ghostvator,ghost,elevator,other
privoxy,private,proxy,knight
chinderwear,chin,underwear,other
alltheist,all,theist,other
argmin,argument,minimum,other
gearotica,gear,erotica,other
barbossa,elizabeth,barbossabeth,other
affemorrow,after,tomorrow,other
diabesity,diabetes,obesity,other
cocacolonization,coca_cola,colonization,knight
ginormous,giant,enormous,other
squand,sand,aqua,other
peacherine,peach,nectarine,other
beerlicious,beer,delicious,other
chumpionship,chump,championship,other
facebooklift,facebook,facelift,other
charticle,chart,article,other
chairobics,chair,aerobics,other
stalkerazzi,stalker,paperazzi,knight
humanure,human,manure,knight
discustion,disgust,discussion,other
pleather,plastic,leather,knight
spamalot,camelot,spam,other
satisficing,satisfy,suffice,other
datacasting,data,broadcasting,other
relationshit,relationship,shit,other
bionicle,biological,chronicle,other
snoogle,snuggle,coddle,other
swenglish,swedish,english,knight
awksauce,awkward,sauce,other
opinuendo,opinion,innuendo,knight
rockabilly,rocknroll,hillybilly,other
absatively,absolutely,positively,other
hiccurp,hiccup,burp,other
freecycling,free,recycling,other
herstory,her,history,knight
joyage,joy,voyage,other
chalko,chalk,typo,other
cuddleship,cuddle,relationship,other
autotrocity,automotive,atrocity,other
engayed,engaged,gay,other
newrun,new,rerun,knight
brunch,breakfast,lunch,knight
debian,debra,ian,other
neurotypical,neurologically,typical,other
frowlculation,frown,calculation,knight
kinect,kinetic,connection,other
chugger,charity,mugger,other
freshomore,fresh,sophomore,other
chiptease,chip,striptease,other
webzine,web,magazine,other
knowledgebase,knowledge,database,other
taxachusetts,tax,massachusetts,knight
minimax,minimum,maximum,other
passfusion,password,confusion,other
favicon,favourite,icon,other
caltrain,california,train,other
boxster,boxer,roadster,other
eurasia,europe,asia,other
chavtastic,chav,fantastic,other
cryptanalysis,cryptogram,analysis,other
doppelbangers,doppelgangers,bang,other
natitude,nationals,attitude,other
bridorexia,anorexia,,other
avalaunch,avalanche,launch,other
telecast,television,broadcast,other
mutex,mutual,exclusion,other
penigallery,penis,gallery,other
cronut,croissant,donut,other
sacrilicious,sacrilege,delicious,knight
michiana,michigan,indiana,knight
parkade,parking,arcade,knight
hillbot,hillary,bot,other
evailable,electronic,available,other
adultolescence,adult,adolescence,other
skyaking,sky,kayaking,other
tanorexia,tan,anorexia,knight
mangina,man,vagina,other
masosadist,masochistic,sadist,other
governator,governor,terminator,other
globesity,global,obesity,other
canckle,calf,ankle,other
dramedy,drama,comedy,knight
popaganda,pop,propaganda,other
genome,gene,chromosome,other
ebonics,ebony,phonics,knight
satisficing,satisfactory,sufficing,other
sharenting,share,parenting,other
coopetition,cooperation,competition,knight
adminazi,admin,nazi,other
boregasm,boredom,orgasm,other
whino,whine,rhino,other
congraduations,congratulations,graduation,other
blaxican,black,mexican,knight
meowse,meow,mouse,knight
prancercise,prance,exercise,other
fandom,fan,kingdom,other
freegan,free,vegan,other
jesucentric,jesus,centric,other
pharming,pharmaceutical,farming,other
triticale,triticum,secale,knight
fraudience,fraud,audience,knight
fursplode,fur,explode,other
chronoptimist,chronology,optimist,other
badical,bad,radical,other
spambot,spam,robot,other
butterflump,butterfly,flump,other
pumpkineer,pumpkin,engineer,other
folksonomy,folk,taxonomy,knight
modem,modulator,demodulator,knight
cuckservative,cuckold,conservative,other
shnot,shit,snot,other
disgussion,disgust,discussion,knight
glenbard,glen,lombard,knight
phablet,phone,tablet,other
aberzombie,abercrombie,zombie,other
celebutante,celebrity,debutante,other
wholphin,whale,dolphin,knight
celebutant,celebrity,debutant,other
blackistani,black,pakistani,other
halfalogue,half,dialogue,other
barkour,bark,parkour,other
breathalyzer,breath,analyzer,other
cyborg,cybernetic,organism,knight
terrist,terra,terrorist,other
boxercise,boxing,exercise,knight
clownsident,clown,president,other
exaggeraddict,exaggeration,addict,other
hacktivism,hack,activism,other
dazardous,dangerous,hazardous,other
intaxication,intoxication,tax,other
yinglish,yiddish,english,knight
malaysia,malaya,asia,knight
affluenza,affluence,influenza,knight
conlang,constructed,language,other
jizzney,jizz,disney,other
bit,binary,digit,knight
viewser,view,browser,other
limon,lime,lemon,knight
jewtheran,jew,lutheran,other
zeitghost,zeitgeist,ghost,knight
amtrak,america,track,other
snatiation,sneeze,satiation,knight
digivolve,digital,evolve,other
rectumobile,rectum,automobile,other
alcopop,alcohol,pop,other
wikiquette,wiki,etiquette,other
skype,sky,peer,other
hotsome,hot,awesome,other
mascary,mascara,scary,other
broscience,brother,science,other
blasian,black,asian,knight
fratire,fraternity,satire,knight
kiva,kate,ziva,other
carbonics,car,ebonics,other
sitcom,situation,comedy,other
chork,chopstick,fork,other
bluetool,bluetooth,tool,other
amerind,american,indian,other
brandwagon,brand,wagon,other
anecdata,anecdote,data,knight
literotica,literature,erotica,knight
brexit,britain,exit,other
automagic,automatic,magic,knight
creople,creepy,people,other
facehack,facebook,hack,other
backronym,backwards,acronym,knight
anadig,analog,digital,other
narutard,naruto,retard,other
nit,napierian,digit,other
dildacity,dildo,audacity,other
affectitties,affect,titties,other
brostache,bro,mustache,knight
groupon,group,coupon,knight
bakerloo,bakerstreet,waterloo,other
dadventure,dad,adventure,other
roverload,rove,overload,other
runescape,rune,landscape,other
brangus,brahman,angus,other
abandonware,abandoned,software,other
dormcest,dormitory,incest,other
fembot,female,robot,other
cosmonism,cosmos,organism,other
stiction,static,friction,other
insinnuendo,insinuate,innuendo,knight
youniverse,you,universe,other
spatique,spa,boutique,other
rubinomics,rubin,economics,knight
intellicentre,intelligent,centre,knight
bionic,biology,electronic,other
friendcest,friend,incest,other
mactionary,mac,dictionary,other
caplet,capsule,tablet,knight
paratroop,parachute,troop,other
masshole,massachusetts,asshole,other
puggle,pug,beagle,other
fungasm,fun,orgasm,other
disposophobia,disposal,phobia,other
metrosexual,metropolitan,heterosexual,knight
beaulicious,beautiful,delicious,other
alphanumeric,alphabetic,numeric,other
loopular,loop,circular,other
libercarelessian,libertarian,careless,other
ethanol,ethyl,alcohol,other
prevacid,prevent,acid,knight
tactleneck,tactical,turtleneck,other
geep,goat,sheep,knight
fedex,federal,ex,knight
funcated,fun,truncated,other
zonkey,zebra,donkey,knight
lactivism,lactation,activism,other
redditor,reddit,editor,other
queerdo,queer,weirdo,other
errtime,every,time,other
masturdating,masturbate,dating,other
nastronaut,nasa,astronaut,knight
meanderthal,meander,neanderthal,other
lebum,lebron,bum,other
drawble,drawing,drabble,other
craptacular,crap,spectacular,knight
zony,zebra,pony,knight
skaunchy,skanky,raunchy,other
franglish,french,english,other
waluigi,warui,luigi,knight
funfetti,fun,confetti,other
agnoptimist,agnostic,optimist,other
cama,camel,llama,knight
fratmosphere,frat,atmosphere,other
cockapoo,cocker,poodle,other
telemarketing,telephone,marketing,other
nucleonic,nuclear,electronic,other
romcom,romantic,comedy,other
classitorium,class,auditorium,other
chillaxing,chilling,relaxing,other
wactress,waitress,actress,other
ethubious,ethical,dubious,other
blaxploitation,black,exploitation,knight
wallyball,wall,volleyball,other
aerobatics,aerial,acrobatics,knight
agitprop,agitation,propaganda,other
opprescedent,oppressive,precedent,other
fangore,fang,gore,other
imagineering,imagine,engineering,other
consumicane,consumer,hurricane,other
mimbo,male,bimbo,knight
stan,stalker,fan,other
rebuse,rebuke,abuse,other
fraubtier,frau,raubtier,other
mobload,mobile,upload,knight
mexicali,mexico,cali,knight
eargasm,ear,orgasm,other
voluntold,volunteer,told,other
altadena,alta,pasadena,knight
castrophony,catastrophe,cacaphony,other
escalator,escalate,elevator,knight
homance,hoe,romance,other
maddenating,maddening,infuriating,other
fpoon,frosty,spoon,knight
victorinox,victoria,inox,other
carmageddon,car,armageddon,other
nuyorican,new_york,puerto_rican,knight
telematics,telecommunications,informatics,knight
flexicurity,flexibility,security,knight
trifficult,try,difficult,other
boswash,boston,washington,other
jazzercise,jazz,exercise,knight
japanimation,japan,animation,other
mockumentary,mock,documentary,knight
breathalyser,breath,analyser,other
pomosexual,postmodern,sexual,other
blook,blog,book,other
libgasm,liberal,orgasm,other
gypish,gypsy,cheapish,knight
addendix,add,appendix,other
batmobile,batman,automobile,other
aftorning,after,morning,other
cameleopard,camel,leopard,knight
sexercism,sex,exorcism,other
aurictate,aurium,lactate,other
proteome,proteins,genome,other
fulcer,fake,ulcer,other
permaculture,permanent,agriculture,other
blaysted,blazed,blasted,other
boobular,boob,spectacular,other
phoneme,phonetics,scheme,knight
negrotiation,negro,negotiation,other
nonpology,non,apology,other
elevision,elevator,vision,other
pekeapoo,pekingese,poodle,other
doucheblog,douchebag,blog,other
asciibetical,ascii,alphabetical,other
badvice,bad,advice,other
hotlanta,hot,atlanta,knight
parentnoia,parent,paranoia,other
czechoslovakia,czech,slovakia,other
parasailing,parachute,sailing,other
cellophane,cellulose,diaphane,other
navahonky,navajo,hunky,other
excitipated,excited,constipated,other
hairigami,hair,origami,knight
frappuccino,frappe,cappuccino,knight
konglish,korean,english,knight
beerios,beer,cheerios,other
trampede,trample,stampede,other
clink,click,link,knight
offensieve,offensive,sieve,other
nintendogs,nintendo,dogs,knight
alstom,alsace,thompson,other
advertecture,advertising,architecture,knight
citigroup,city,group,other
because,by,cause,other
multiplex,multiple,complex,knight
glob,gob,blob,other
tangelo,tangerine,pomelo,knight
moobs,man,boobs,knight
viewtiful,view,beautiful,other
gasohol,gasoline,alchohol,other
motel,motor,hotel,knight
cassingle,cassette,single,knight
computato,computer,potato,other
vermonster,vermont,monster,knight
imagineering,imagination,engineering,knight
eyeolating,eye,violating,other
blorph,blend,morph,knight
sexploitation,sex,exploitation,knight
ipeeper,ipod,peeper,other
clopen,closed,open,knight
spamalot,spam,camelot,knight
dubtitle,dub,subtitle,other
stoption,stop,option,other
angeurysm,anger,aneurysm,other
amtrak,american,track,other
electrocution,electricity,execution,knight
scuzz,scum,fuzz,other
skitching,skating,hitching,other
olionaire,oil,millionaire,other
lullabuoy,lullaby,buoy,other
taxicab,taximeter,cabriolet,other
amazonukkah,amazon,hanukkah,other
spinderella,spin,cinderella,other
snice,snow,ice,other
bashtag,bash,hashtag,other
airpain,airplane,pain,other
travelocity,travel,velocity,knight
medifraud,medical,fraud,other
sparklepire,sparkle,vampire,other
creeperazzi,creepy,paparazzi,other
scriptment,script,document,other
kidcessory,kid,accessory,other
sexile,sex,exile,knight
singlish,singapore,english,other
marigo,maria,amigo,other
textrovert,text,extrovert,other
wikizen,wiki,citizen,other
bremain,britain,remain,other
plytanium,titanium,plywood,other
macintrash,macintosh,trash,other
laggot,lag,faggot,other
scarberia,scarborough,siberia,other
biopic,biography,picture,other
spangel,spike,angel,other
sysop,system,operator,other
wexis,westlaw,lexisnexis,knight
recrap,recap,crap,other
skintimidate,skin,intimidate,other
mobocracy,mob,democracy,other
declamatory,declarative,exclamatory,other
poptastic,pop,fantasy,other
floorcest,floor,incest,other
flounder,flounce,blunder,other
ironeous,irony,erroneous,other
radome,radar,dome,knight
faby,food,baby,other
beerage,beer,peerage,knight
chairdrobe,chair,wardrobe,other
pronsponsive,proactive,responsive,other
platisher,platform,publisher,other
irrightional,irrational,right,other
rawoman,ramen,woman,other
bankster,banker,gangster,other
camphone,camera,phone,other
himbo,him,bimbo,other
banoffee,banana,toffee,knight
hetlagged,hetero,jetlagged,other
austerical,austerity,hysterical,knight
yestergay,yesterday,gay,knight
wenglish,welsh,english,knight
hassle,haggle,tussle,other
glamazon,glamour,amazon,other
niteflix,night,netflix,other
protohype,prototype,hype,other
phubbing,phone,snubbing,other
stoup,stew,soup,other
guitarthritis,guitar,arthritis,other
krogert,kroger,yogurt,other
racne,rack,acne,other
trongs,tri,tongs,other
edutainment,education,entertainment,knight
stupious,stupid,studious,other
tomkat,tom,katie,other
spirmitment,spirit,commitment,other
sofass,sofa,ass,other
godsome,godly,awesome,other
docusoap,documentary,soap,other
vaguebooking,vague,facebooking,other
bamon,bonnie,damon,other
caninja,canine,ninja,knight
procastivity,procastination,productivity,other
telex,teleprinter,exchange,other
prosumer,producer,consumer,knight
satisfice,satisfy,suffice,other
magnadoodle,magnetic,doodle,other
showmance,show,romance,other
nutraceutical,nutra,pharmaceutical,other
vitamin,vital,amine,knight
negatude,negative,attitude,other
illuminanswer,illuminate,answer,other
slutsident,slut,president,other
navelencia,navel,valencia,other
satisfries,satisfies,fries,knight
condomplate,condom,contemplate,other
snark,snide,remark,knight
screenshot,screen,snapshot,other
linner,lunch,dinner,knight
smog,smoke,fog,knight
posistor,positive,thermistor,knight
petrochemical,petroleum,chemical,other
bromance,bro,romance,knight
meowse,cat,mouse,other
forgirl,former,girl,knight
afterbating,after,masturbating,other
ecomagination,ecology,imagination,other
sporgery,spam,forgery,knight
guitalele,guitar,ukulele,other
nintendonitis,nintendo,tendonitis,knight
planimal,plant,animal,other
endorphin,endogenous,morphine,other
malware,malicious,software,other
wikiquette,wikipedia,etiquette,knight
stragmatics,strategy,pragmatics,other
kleptoking,kleptocrat,king,other
falk,facebook,stalk,other
beatles,beat,beetles,other
snackrifice,snack,sacrifice,other
scotchka,scotch,vodka,other
assne,ass,acne,other
prequel,precede,sequel,other
introdouche,introduction,douchebag,other
netmeet,internet,meeting,other
portmanteau,porter,manteau,other
coxbox,coxswain,box,other
diamat,dialectical,materialism,other
condragulations,congratulations,drag,other
lolarious,lol,hilarious,other
manther,man,panther,other
jerksome,jerk,irksome,other
chemokine,chemotactic,cytokine,other
bioneer,biological,pioneer,other
fabulash,fabulous,eyelash,other
thermistor,thermal,resistor,knight
execubabble,executive,babble,other
heteroflexible,heterosexual,flexible,other
instrumedley,instrumental,medley,other
melodyssey,melodic,odyssey,knight
amerithrax,american,anthrax,other
sheeple,sheep,people,knight
motorcare,motor,cavalcade,other
advertorial,advertisement,editorial,other
radiopaque,radiation,opaque,other
happymonius,happy,harmonius,other
dancercise,dance,exercise,knight
voluntown,volunteer,town,other
manhattanhenge,manhattan,stonehenge,other
compfusion,computer,confusion,other
genderbread,gender,gingerbread,other
drarry,draco,harry,other
tanzania,tanganyika,zanzibar,other
vlog,video,blog,knight
famiclone,family,clone,other
backne,back,acne,other
starchitect,star,architect,knight
glasshole,glass,asshole,other
camcorder,camera,recorder,other
intellivision,intelligent,television,other
swahinglish,swahili,english,knight
hypathenuse,hypotenuse,path,other
cunterrupted,cunt,interrupted,other
fantabulous,fantastic,fabulous,knight
kpop,korean,pop,other
yankshake,yank,handshake,other
medicare,medical,healthcare,other
oblividroid,oblivious,android,other
sophistiratchet,sophisticated,ratchet,other
animatrix,anime,matrix,other
spange,spare,change,other
sneezetipated,sneeze,anticipated,other
sexpert,sex,expert,knight
eurabia,europe,arabia,knight
chindia,china,india,other
croissandwich,croissant,sandwich,other
exercycle,exercise,cycle,knight
exsqueeze,excuse,squeeze,other
bioterrorism,biological,terrorism,other
wakeeney,warren,keeney,other
vegeterrible,vegetarian,terrible,other
mehthematician,meh,mathematician,other
kissess,kiss,caress,other
foreteen,foreman,thirteen,other
revolusongs,revolution,songs,other
bevalanche,beverage,avalance,other
aqualibrium,aquatic,equilibrium,other
winsted,winchester,barkhamsted,other
womance,woman,romance,other
arpanet,arpa,network,other
plytanium,plywood,titanium,knight
buddhaverse,buddha,universe,other
misogynoir,misogyny,noir,other
malamanteau,malapropism,portmanteau,other
mimsy,miserable,flimsy,knight
shockvertising,shock,advertising,other
sexcident,sex,accident,other
folex,fake,rolex,other
kabloom,kaboom,bloom,other
febro,female,bro,other
mobcest,mob,incest,other
netocracy,net,aristocracy,knight
guitard,guitar,retard,knight
dancelexia,dance,dyslexia,other
lavacid,lava,acid,other
jewbilee,jew,jubilee,other
bullycide,bullying,suicide,knight
bragabond,brag,vagabond,other
boxster,boxer_engine,roadster,knight
celtadelic,celtic,psychedelic,other
molestache,mole,moustache,other
buffeteria,buffet,cafeteria,other
accenture,accent,future,knight
robocall,robotic,call,other
plarn,plastic,yarn,knight
incredibad,incredible,bad,other
cheeseburger,cheese,hamburger,other
emola,emotion,ebola,other
frappucino,frappe,cappucino,other
bitchplosion,bitch,explosion,other
niggerabilia,nigger,memorabilia,other
sacredfice,sacred,edifice,other
flabdomen,flab,abdomen,other
botel,boat,hotel,other
clamato,clam,tomato,knight
bardolatry,bard,idolatry,other
steelionaire,steel,millionaire,other
franglais,french,english,other
sexationship,sex,relationship,other
kanwaka,kanwaka,wakarusa,other
bakerloo,baker,waterloo,knight
penngineer,penn,engineer,other
conglomocoffee,conglomerate,coffee,other
anecdotage,anecdote,dotage,other
fearection,fear,erection,other
liary,liar,diary,other
sexposition,sex,exposition,other
pixel,picture,element,other
wordcore,word,hardcore,other
email,electronic,mail,other
brunner,breakfast,dinner,other
cineplex,cinema,complex,other
refudiate,refute,repudiate,other
freepon,free,coupon,other
bedgasm,bed,orgasm,other
hitlery,hitler,hillary,other
adfested,ad,infested,other
electrocutioner,electrocution,executioner,other
laughgasm,laughter,orgasm,other
policenauts,police,astronaut,other
pretext,pretend,text,other
praystation,pray,playstation,other
britpick,british,nitpick,other
smaze,smoke,haze,knight
shwasted,shit,wasted,other
ecotage,ecology,sabotage,other
femdom,female,dominance,other
frusion,fruit,fusion,knight
caraoke,car,karaoke,other
pornfolio,porn,portfolio,other
bozone,bozo,ozone,other
typerventilate,type,hyperventilate,other
memex,memory,index,other
texodus,texas,exodus,other
clownmander,clown,commander,other
seatac,seattle,tacoma,other
pizzone,pizza,calzone,other
prezactly,precise,exactly,other
compaq,compatibility,quality,other
botax,botox,tax,other
cremains,cremated,remains,other
sarcastrophe,sarcasm,catastrophe,other
qubit,quantum,bit,other
provacawhoritive,provocative,whore,other
aggranoyed,aggravated,annoyed,other
awkfeat,awkward,fest,other
trumpkin,trump,pumpkin,other
passhole,pass,asshole,other
phonundrum,phone,conundrum,other
broccoflower,broccoli,cauliflower,other
prostitot,prostitute,tot,other
pornament,porn,ornament,other
spectralert,spectral,alert,knight
ineption,inept,inception,other
edgehog,edge,hedgehog,other
sqrat,squirrel,rat,other
agreesome,agreement,threesome,other
digimon,digital,monster,other
bash,bang,smash,other
gamestorming,games,brainstorming,other
smang,smash,bang,other
sexcretary,sex,secretary,other
futatonic,futon,catatonic,other
japanimation,japanese,animation,other
chipster,chip,hipster,other
cumberbitch,cumberbatch,bitch,other
spife,spoon,knife,knight
lolocaust,lol,holocaust,other
bregret,britain,regret,other
textpectation,text,expectation,other
interrobang,interrogative,bang,knight
driday,drink,friday,other
econocrat,economist,bureaucrat,other
margaritarded,margarita,retarded,other
horngry,horny,hungry,other
napalm,napthene,palmitate,other
cyberdelic,cyber,psychedelic,other
chigorette,chigorin,cigarette,knight
manscaping,man,landscaping,knight
elephacts,elephant,facts,other
transmisogyny,transphobia,misogyny,other
thanksgivukkah,thanksgiving,hanukkah,other
popcrack,popcorn,crack,other
mafic,magnesium,ferric,other
palicain,palin,mccain,other
tridge,tri,bridge,other
cyborg,cybernetics,organism,other
pulsar,pulsating,star,other
factitious,fact,ficticious,other
hurricanceled,hurricane,canceled,other
moped,motor,pedal,knight
beardruff,beard,dandruff,other
smexy,smell,sexy,other
glitz,glamour,ritz,other
quexistence,quest,existence,other
carjack,car,hijack,other
flexitarian,flexible,vegetarian,other
bionicle,bionic,chronicle,knight
gaydar,gay,radar,knight
pastafarian,pasta,rastafarian,knight
podcast,pod,broadcast,knight
fluidrive,fluid,drive,knight
emoticon,emotion,icon,other
aricent,arise,ascent,knight
vermontster,vermont,monster,other
chesticle,chest,testicle,other
faction,fact,fiction,knight
explornography,explore,pornography,other
cronut,croissant,doughnut,other
employagility,employability,agility,knight
dejabrew,dejavu,brew,other
blotch,blot,hotch,other
heteronormativity,heterosexual,normativity,other
hunglish,hungarian,english,knight
hispander,hispanic,pander,other
amerind,american,indigenous,knight
podcasting,ipod,broadcasting,other
kentuckiana,kentucky,indiana,knight
podestrian,pod,pedestrian,other
flong,flip,pong,other
bigorexia,big,anorexia,other
cinedigm,cinema,paradigm,knight
squircle,square,circle,knight
blogebitry,blog,celebrity,other
crunk,crazy,drunk,knight
tween,teen,between,other
adorabubble,adorable,bubble,other
pellistor,pellet,resistor,other
slanguage,slang,language,knight
adjunk,adjunct,junk,other
killdozer,kill,bulldozer,other
nerdstalgia,nerd,nostaglia,other
stupendulous,stupendous,fabulous,other
calexico,california,mexico,knight
masturwait,masturbate,wait,other
shweater,shirt,sweater,other
alpacalypse,alpaca,apocalypse,other
wiktionary,wiki,dictionary,knight
boycon,boy,conversation,other
phoneck,phone,neck,other
ridonkulous,ridiculous,donkey,other
multicart,multiple,cartridge,other
slurority,slut,sorority,other
monthiversary,month,anniversary,other
bootylicious,booty,delicious,knight
electrocution,electronic,execution,other
merkozy,merkel,sarkozy,knight
revengicide,revenge,suicide,other
fugly,fucking,ugly,other
islamofascist,islamic,fascist,other
pregnatory,pregnant,purgatory,other
calistoga,california,saratoga,other
pegasister,pegasus,sister,other
laundromat,laundry,mat,other
grantartica,grant,antartica,other
youthanasia,youth,euthanasia,knight
pornograffiti,pornography,graffiti,knight
flashpacking,flash,backpacking,other
fortnight,fourteen,nights,other
playware,play,software,other
ignoranus,ignoramus,anus,other
vog,volcano,smog,other
fergalicious,fergie,delicious,other
flirtationship,flirtation,relationship,other
hiberdating,hibernate,dating,other
obamania,obama,mania,other
bollywood,bombay,hollywood,knight
librat,library,brat,other
wincest,winchester,incest,other
mizzle,mist,drizzle,knight
medicare,medical,care,other
pornocchio,porn,pinocchio,other
twinight,twilight,night,other
singlish,singaporean,english,knight
jewpeg,jew,jpeg,other
tomacco,tomato,tobacco,knight
banquance,banquet,dance,other
fairborn,fairfield,osborn,other
elefucker,elevator,fucker,other
grue,green,blue,knight
cosmolission,cosmetic,collision,other
fanzine,fan,magazine,other
kidvid,kid,video,other
mexinigger,mexican,nigger,other
prosumer,professional,consumer,other
avionics,aviation,electronics,knight
charry,cho,harry,other
famiclone,famicom,clone,knight
kripkenstein,kripke,wittgenstein,knight
boughetto,bourgeois,ghetto,other
pisshap,piss,mishap,other
transistor,transfer,resistor,knight
telegenic,television,photogenic,other
manstration,man,menstruation,other
neverendum,neverending,referendum,other
ineptitude,inept,aptitude,knight
fabulosexual,fabulous,sexual,other
toonami,cartoon,tsunami,other
rogernomics,roger,economics,knight
groutfit,group,outfit,other
nostracize,nose,ostracize,other
infortainment,information,entertainment,knight
digicam,digital,camera,other
frankenword,frankenstein,word,other
mathlete,math,athlete,knight
pandrogynous,pander,androgynous,other
frecency,frequency,recency,other
neargasm,near,orgasm,other
britcom,british,comedy,other
documercial,documentary,commercial,knight
redox,reduction,oxidation,other
millux,miller,lux,other
prion,proteinaceous,infectious,other
kidult,kid,adult,knight
insinuendo,insinuation,innuendo,other
nontroversy,non,controversy,knight
verizon,veritas,horizon,knight
decaflon,decaf,decathlon,other
jangle,jingle,dangle,other
cyberchondriac,cyber,hypochondriac,other
chiwaukee,chicago,milwaukee,knight
shemale,she,male,other
tenderpreneur,tendering,enterpreneur,other
prostiboots,prostitute,boots,other
hatorade,hater,gatorade,other
patternicity,pattern,capacity,other
dataveillance,data,surveillance,other
paratrooper,parachute,trooper,other
vagitarian,vagina,vegetarian,other
mancession,man,recession,other
awkword,awkward,word,other
twitler,twitter,hitler,other
geoenable,geospatial,enablement,other
clintwood,clinton,eastwood,knight
swooshtika,swoosh,swastika,other
hipstocratical,hipster,hypocritical,other
gaysian,gay,asian,knight
glymphatic,glial,lymphatic,other
dissfensive,defensive,diss,other
zeedonk,zebra,donkey,other
joggling,jogging,juggling,knight
travelogue,travel,monologue,other
gaymer,gay,gamer,other
niftabulous,nifty,fabulous,other
monsteroid,monster,asteroid,other
bedaffle,bedazzle,baffle,knight
homocaust,homosexual,holocaust,knight
permafrost,permanent,frost,other
fluidram,fluid,dram,knight
neverendum,never,referendum,other
cuntplaining,cunt,explaining,other
kirginity,kiss,virginity,other
spectacooler,spectacular,cooler,other
jeopard,jaguar,leopard,knight
spillion,spill,million,other
wapanese,warp,japanese,other
pornograffitti,pornography,graffiti,other
thotcrates,thot,socrates,other
inscape,interior,landscape,other
prissy,prim,sissy,other
emergenturd,emergent,turd,other
magriffic,magnificent,terrific,other
arcology,architecture,ecology,knight
phonestrated,phone,frustrated,other
precariat,precarious,proletariat,other
tweenage,teenage,tween,other
introsexual,introvert,sexual,other
geekelated,geek,elated,other
pastability,pasta,possibility,other
zedonk,zebra,donkey,other
joygasm,joy,orgasm,knight
brogrammer,brother,programmer,other
damntastic,damn,fantastic,other
webtrovert,web,extrovert,other
phonicon,phonetics,lexicon,other
laborhood,labor,neighborhood,other
adjectard,adjective,retard,other
internet,international,network,other
cremains,cremate,remains,knight
cellfish,cellphone,selfish,other
mandals,man,sandals,other
lapdesk,laptop,desktop,other
lapcorn,lap,popcorn,other
carboloy,carbon,alloy,knight
canwood,canadian,woodlands,other
jagerbomb,jagermeister,bomb,other
bleen,blue,green,knight
chuggers,charity,muggers,knight
funtastic,fun,fantastic,other
wifi,wireless,fidelity,other
afpak,afghanistan,pakistan,other
procrasturbating,procrastination,masturbation,other
pegacorn,pegasus,unicorn,other
brick,brick,blackberry,other
mattergy,matter,energy,knight
advertblasting,advertisement,blasting,other
darwine,darwin,wine,knight
bodacious,bold,audacious,knight
blipster,black,hipster,knight
netvertible,net,convertible,other
sexercise,sex,exercise,knight
hacktivism,hacker,activism,other
condomplation,condom,contemplation,other
netizen,net,citizen,knight
balloonatics,balloon,fanatics,other
excimer,excited,dimmer,other
dormobile,dormitory,automobile,other
libtard,liberal,retard,other
carcolepsy,car,narcolepsy,other
tanzania,tanganiyaka,zanzibar,other
sasshole,sass,asshole,other
sharktopus,shark,octopus,other
irrigon,irrigation,oregon,other
sloading,slow,loading,other
shockumentary,shock,documentary,knight
tehrangeles,tehran,los_angeles,knight
franglais,francais,anglais,knight
incognegro,incognito,negro,other
moco,montgomery,county,other
labradoodle,labrador,poodle,knight
desknote,desktop,notebook,other
microsoft,microcomputer,software,other
dallitude,dallas,attitude,other
mothic,mod,gothic,knight
hackintosh,hack,macintosh,knight
intercom,internal,communication,other
artsci,art,science,other
trill,true,real,other
screamapillar,scream,caterpillar,other
motorcycle,motorized,bicycle,other
facronym,fact,acronym,other
mantrum,man,tantrum,other
amazome,amazing,awesome,other
celesbian,celebrity,lesbian,knight
automagically,automatic,magically,other
sanskritism,sanskrit,neologism,other
disturbia,disturb,suburbia,knight
marchitecture,marketing,architecture,knight
brangelina,brad,angelina,knight
mornoon,morning,noon,knight
silastic,silicone,plastic,knight
vitamer,vitamin,isomer,knight
bareoke,bare,kareoke,other
glamping,glamorous,camping,other
fucrunk,fucking,drunk,other
animatronics,animation,electronics,knight
cacaophony,cacaphony,cocoa,other
bookstagram,book,instagram,other
falloween,fall,halloween,other
deflicted,deformed,afflicted,other
sexcapade,sex,escapade,knight
metrosexual,metro,homosexual,other
fantasmic,fantastic,orgasmic,other
aquabatics,aqua,acrobatics,other
glamping,glamour,camping,other
menopaws,menopause,paws,other
orgasmatron,orgasm,cyclotron,other
ringxiety,ring,anxiety,knight
troopergate,trooper,watergate,knight
taglish,tagalog,english,knight
hebrish,hebrew,english,knight
religulous,religion,ridiculous,knight
screwvenir,screw,souvenir,other
pictionary,picture,dictionary,knight
wonkavator,wonka,elevator,knight
animatronic,animate,electronic,other
ponglish,polish,english,other
wigger,white,nigger,knight
enginerd,engineer,nerd,other
wordrobe,word,wardrobe,other
linsanity,lin,insanity,other
feminazi,feminist,nazi,knight
interpol,international,police,other
analrapist,analyst,therapist,other
beurgeois,beur,bourgeois,knight
fictomercial,fiction,commercial,other
manscape,man,landscape,other
trumponomics,trump,economics,other
fushi,fake,sushi,other
treap,tree,heap,knight
greenwash,green,whitewash,other
blogjam,blog,logjam,other
thinspiration,thin,inspiration,other
blogairy,blog,diary,other
lobstrosity,lobster,monstrosity,other
freemium,free,premium,other
muppet,marionette,puppet,other
walmart,walton,mart,other
funkinetics,funk,kinetics,other
melancholic,melancholy,alcoholic,other
scromlette,scrambled,omelette,knight
handcestors,hand,ancestors,other
hairagami,hair,origami,other
smark,smart,mark,knight
arkadelphia,arkansas,philadelphia,knight
abend,abnormal,end,other
zorse,zebra,horse,knight
sleepathon,sleep,marathon,other
motorcade,motor,cavalcade,other
pallywood,palestinian,hollywood,knight
reaganomics,reagan,economics,knight
illiana,illinois,indiana,knight
flirtini,flirt,martini,other
nova,northern,virginia,other
jardee,jardanup,deeside,other
winco,winning,company,other
sitcom,situational,comedy,other
sportscast,sports,broadcast,other
mansplaining,man,explaining,other
teaffee,tea,coffee,other
brouter,bridge,router,knight
nerdvana,nerd,nirvana,other
cablecast,cable,broadcast,other
taardvark,retard,aardvark,other
nintenditis,nintendo,tendonitis,other
tweetheart,tweet,sweetheart,other
mobisode,mobile,episode,knight
fauxhawk,faux,mohawk,other
refirement,retirement,fire,other
brofessional,brother,professional,other
protoduct,prototype,product,other
castleroid,castle,asteroid,other
murse,man,purse,knight
dumbfound,dumb,confound,other
arberati,arbor,literati,other
swaption,swap,option,knight
digerati,digital,literati,knight
fasturbate,fast,masturbate,other
courseware,course,software,other
permanipple,permanent,nipple,other
wordsessive,word,obsessive,other
drinkathon,drink,marathon,other
stragedy,strategy,tragedy,other
fleshlight,flashlight,flesh,other
medicaid,medical,aid,other
nigglet,nigger,piglet,other
nerdgy,nerd,orgy,other
electrocute,electric,execute,other
voxel,volume,pixel,knight
murketing,murky,marketing,other
floordrobe,floor,wardrobe,other
shambolic,shamble,diabolic,other
fashism,fashion,fascism,other
nonversation,non,conversation,other
nexis,ned,alexis,other
frogurt,frozen,yogurt,other
podcast,ipod,broadcast,other
texel,texture,element,other
glenbrook,glenview,northbrook,knight
bankster,bank,gangster,knight
mexicunt,mexican,cunt,other
absoludicrous,absolutely,ridiculous,other
chanerism,chan,mannerism,other
mexifornia,mexico,california,other
intexticate,intoxicate,text,other
mancation,man,vacation,other
ecoteur,ecological,saboteur,knight
flavorgasm,flavor,orgasm,other
mocker,mod,rocker,knight
minimoon,mini,honeymoon,other
feminoid,female,android,other
vegicide,vegetable,homicide,other
graphilator,graph,calculator,other
recessionitis,recession,bronchitis,other
woon,wooden,spoon,knight
cybrarian,cyber,librarian,other
panormous,pan,enormous,other
skyjack,sky,hijack,knight
brynette,bree,lynette,other
acabowl,academic,bowl,other
autopia,automobile,utopia,other
lox,liquid,oxygen,other
manlimony,man,alimony,other
ballico,ballintine,company,other
monterey,monte,rey,other
freakonomics,freak,economics,knight
ezine,electronic,magazine,other
bennifer,ben,jennifer,knight
belieber,bieber,believer,other
ginormous,gigantic,enormous,knight
holidaze,holiday,daze,other
spime,space,time,other
nexterday,next,yesterday,other
pineosaur,pine,dinosaur,other
fudgsicle,fudge,popsicle,other
gleek,glee,geek,other
cocacolonization,cocacola,colonization,other
juneteenth,june,nineteenth,knight
wario,warui,mario,knight
chokebreaker,chokeslam,backbreaker,knight
vombomb,vomit,bomb,other
aforetexted,aforementioned,texted,other
mechatronics,mechanical,electronics,other
vomitrocious,vomit,atrocious,knight
jackalope,jackrabbit,antelope,other
cablegram,cable,telegram,other
blatina,black,latina,other
ambisextrous,ambidextrous,sex,other
cabarenaissance,cabaret,renaissance,other
bromance,brother,romance,other
lidar,light,radar,other
fracket,fraternity,jacket,knight
acatramp,academic,trampoline,other
slackademic,slack,academic,other
geocaching,geography,caching,other
conrail,consolidated,rail,other
fertigate,fertilize,irrigate,knight
pregnesia,pregnancy,amnesia,other
congressing,congress,digressing,other
blutter,blabber,stutter,other
blackanese,black,japanese,knight
niubility,niubi,ability,other
westarctica,west,antarctica,other
literasewer,literature,sewer,other
mypod,my,ipod,other
hormotion,hormone,emotion,other
blotch,blot,botch,other
tigon,tiger,lion,knight
toonie,two,loonie,knight
scanlation,scan,translation,knight
asstag,ass,hashtag,other
flong,flip,beer_pong,knight
enculturement,enlightenment,culture,other
ambitchous,ambitious,bitch,other
spamdexing,spam,indexing,knight
televangelist,television,evangelist,knight
deliquid,delicious,liquid,knight
googleheimer,google,alzheimer,other
reshoring,return,offshoring,other
utilidor,utilities,cooridor,other
shopathon,shopping,marathon,other
gayby,gay,baby,other
chortle,chuckle,snort,other
giraffiti,giraffe,grafitti,other
baseketball,basketball,baseball,other
googlezon,google,amazon,other
veepstakes,veep,sweepstakes,other
cosplay,costume,play,knight
fanon,fan,canon,knight
companding,compressing,expanding,other
bresilient,brilliant,resilient,other
decorcize,decor,exorcize,other
googleganger,google,doppelganger,other
heliskiing,helicopter,skiing,other
billary,bill,hillary,other
cockblocalypse,cockblock,apocalypse,other
seussical,seuss,musical,knight
contrail,condensation,trail,other
snart,sneeze,fart,other
forgirl,former,girlfriend,other
cashtration,cash,castration,other
hazmat,hazardous,material,other
cyberdelic,cybernetics,psychedelic,knight
epeen,electronic,penis,other
smash,smack,mash,other
eurogeddon,europe,armageddon,other
portanol,portuguese,espanol,knight
sony,sonus,sonny,knight
sleppy,sleepy,slaphappy,other
pedobear,pedophile,bear,other
fratastic,fraternity,fantastic,other
appsessed,app,obsessed,other
socialtainer,social,entertainer,other
pekapoo,pekingnese,poodle,other
accuntable,accountable,cunt,other
horrocious,horrendous,atrocious,other
gaybernation,gay,hibernation,other
precrestination,procrastination,crest,other
godcast,god,podcast,other
lexpionage,lexion,espionage,other
sophomoronic,sophomore,moronic,other
goofle,goof,google,other
autotune,automatic,tune,other
cyclohexellent,cyclohexane,excellent,other
neither,not,either,knight
snizzle,snow,drizzle,other
flavorite,flavor,favorite,knight
mog,man,dog,knight
frumious,fuming,furious,other
splogger,spam,blogger,other
condem,conservative,democrats,other
wikipedia,wiki,encyclopedia,knight
pokemon,pocket,monster,other
webcam,web,camera,other
smelloscope,smell,telescope,knight
knork,knife,fork,other
chillax,chill,relax,knight
corplaining,corporation,complaining,other
jeggings,jeans,leggings,knight
nillionaire,nil,millionaire,other
ideanomics,idea,economics,knight
comcast,communication,broadcast,other
fascinaddict,fascinate,addict,other
skort,skirt,short,knight
saintsgiving,saints,thanksgiving,other
videocracy,video,democracy,other
neighbornet,neighbor,internet,other
rolodex,rolling,index,other
waitrose,waite,rose,other
telethon,telephone,marathon,other
manazon,man,amazon,other
comcastic,comcast,fantastic,knight
jackintosh,jack,macintosh,other
valleyspeak,valley,speaker,other
crooklyn,crook,brooklyn,knight
disgustipated,disgust,constipated,other
smellephant,smell,elephant,other
philantrophy,philanthropy,trophy,knight
facebrag,facebook,brag,other
outpatient,outside,patient,other
maltuition,malnutrition,tuition,other
smudgemate,smudge,estimate,other
deskellop,describe,develop,other
wallaroo,wallaby,kangaroo,knight
obamacare,obama,healthcare,other
webisode,world_wide_web,episode,knight
crapella,crap,capella,other
hangry,hunger,angry,other
jeggings,jean,leggings,other
mattel,matt,elliot,other
kegoff,keg,runoff,other
mondaze,monday,daze,other
manwich,man,sandwich,other
wheymen,whey,amen,other
jewfro,jew,afro,other
momager,mother,manager,other
ruthanasia,ruth,euthanasia,knight
kinect,kinetic,connect,other
prostadude,prostitute,dude,other
greedonomics,greed,economics,other
residrool,residue,drool,other
viewmongous,view,humongous,other
ultrabook,ultraportable,notebook,other
palinthusiasm,palin,enthusiasm,other
gaddiction,gay,addiction,other
brainiac,brain,maniac,knight
glob,globe,blob,other
intexticated,intoxicated,text,other
instaglam,instagram,glam,other
blaccent,black,accent,knight
nylon,ny,london,other
argmax,argument,maximum,other
simulcasting,simultaneous,broadcasting,other
bayonetwork,bayonet,network,knight
budtender,bud,bartender,other
camerah,cameron,sarah,other
spokesblogger,spokesperson,blogger,other
academirrhea,academic,diarrhea,other
lacostitute,lacoste,prostitute,other
backronym,back,acronym,other
tamiami,tampa,miami,other
drunchies,drunk,munchies,other
dankrupt,dank,bankrupt,other
freeware,free,software,other
cinemax,cinema,maximum,other
quasar,quasistellar,star,other
californication,california,fornication,knight
plastiglomerate,plastic,agglomerate,other
frolf,frisbee,golf,other
vidiot,video,idiot,other
brangus,brahmin,angus,knight
belfie,butt,selfie,other
awesmazing,awesome,amazing,other
funimation,fun,animation,other
boxrec,boxing,records,other
stupitch,stupid,bitch,other
frenemy,friend,enemy,knight
jihobbyist,jihad,hobbyist,other
balun,balanced,unbalanced,other
skacore,ska,hardcore,other
ninjun,ninja,injun,other
brony,bro,pony,knight
beefalo,beef,buffalo,knight
ametrine,amethyst,citrine,other
gerrymander,gerry,salamander,knight
famicom,family,computer,other
chump,chunk,lump,other
beatnik,beat,sputnik,other
grasscycle,grass,recycle,knight
bactually,but,actually,other
obliviot,oblivious,idiot,other
meninist,men,feminist,other
valsetz,valley,siletz,other
beepilepsy,beep,epilepsy,other
alphabet,alpha,beta,other
drice,dry,ice,other
sysadmin,system,administrator,other
mayhaps,maybe,perhaps,other
frankenfish,frankenstein,fish,other
satisfice,satisfactory,suffice,knight
minja,midget,ninja,knight
infinitionaire,infinity,millionaire,other
caterpallor,caterpillor,palor,other
phonesia,phone,amnesia,other
liger,lion,tiger,knight
nerdjacking,nerd,hijacking,other
chinglish,english,chinese,other
homintern,homosexual,comintern,other
infomercial,information,commercial,knight
napalm,naphthene,palmitate,other
carborundum,carbon,corundum,knight
instrumedley,instrument,medley,knight
yesterdecade,yesterday,decade,other
fruitopia,fruit,utopia,knight
frape,facebook,rape,other
anvilicious,anvil,malicious,other
torrible,terrible,horrible,other
edress,email,address,other
fucktard,fucking,retard,other
banjitar,banjo,guitar,knight
moonscape,moon,landscape,other
confuzzled,confused,puzzled,other
cyberpsychology,cybernetic,psychology,other
ridiculosity,ridiculous,monstrosity,other
methanol,methyl,alcohol,other
webisode,web,episode,other
slore,slut,whore,other
fergelicious,fergie,delicious,knight
dudevorce,dude,divorce,other
galumph,gallop,triumph,knight
amway,american,way,other
twincest,twin,incest,knight
chork,chopsticks,fork,other
triscuit,triple,biscuit,other
cosmeceutical,cosmetic,pharmaceutical,other
mailstrom,mail,maelstrom,other
liptease,lipstick,striptease,other
fagnitude,fag,magnitude,other
biopic,biographical,picture,other
fungineering,fun,engineering,other
manimal,man,animal,knight
netocracy,internet,aristocracy,other
vinsanity,vince,insanity,other
shart,shit,fart,knight
tanglish,tamil,english,knight
sargasm,sarcasm,orgasm,other
multidude,multitude,dude,other
malvertising,malicious,advertising,other
architectronica,architect,electronica,other
jewsome,jew,threesome,other
juggersnot,juggernaut,snot,other
odditorium,odd,auditorium,knight
stagflation,stagnation,inflation,other
linux,linus,unix,knight
